{"Big Cement Block 1": [53.638367, -113.286448],
 "Big Cement Block 2": [53.638171, -113.286274],
 "Small Cement Block 1": [53.638365, -113.286300],
 "Small Cement Block 2": [53.638315, -113.286221],
 "Small Cement Block 3": [53.638266, -113.286141],
 "Small Cement Block 4": [ 53.638216, -113.286062],
 "End of Dock": [53.639796, -113.285693],
 "Just testing": [53.497760, -113.334882]
}